Wall time,Step,Value
1771758654.6211936,30736,384.01800537109375
