Wall time,Step,Value
1771758654.6212661,30736,1.9068058729171753
