Wall time,Step,Value
1771758654.621225,30736,0.4000000059604645
